{
    "loss": 0.15689364075660706,
    "accuracy": 0.9655172228813171
}